k,measurement,mean,lb,ub
0,RBO,1,1,1
5,RBO,0.8834,0.866941867,0.903623598
10,RBO,0.8223,0.8023,0.8423
15,RBO,0.772720415,0.759134089,0.786306741
20,RBO,0.730701069,0.714582885,0.746819254
25,RBO,0.689808264,0.671724278,0.70789225
30,RBO,0.646947014,0.628216891,0.6666138
