k,measurement,mean,lb,ub
1,RBO,0.47,0.468,0.49653123
2,RBO,0.49,0.488,0.51653123
3,RBO,0.5,0.498,0.52653123
4,RBO,0.52,0.518,0.54653123
5,RBO,0.52,0.518,0.54653123
6,RBO,0.52,0.518,0.54653123
7,RBO,0.5,0.498,0.52653123
8,RBO,0.49,0.488,0.51653123
9,RBO,0.47,0.468,0.49653123
10,RBO,0.47,0.468,0.49653123
11,RBO,0.45,0.448,0.47653123
12,RBO,0.45,0.448,0.47653123
